-- ============================================
-- Food Delivery Analytics: Sample Data
-- Synthetic dataset generated for portfolio use
-- ============================================

-- Customers
INSERT INTO customers (customer_id, customer_name, city, signup_date) VALUES
(1,'Rahul','Chennai','2025-01-08'),
(2,'Priya','Mumbai','2025-01-18'),
(3,'Amit','Delhi','2025-01-15'),
(4,'Sneha','Delhi','2025-01-07'),
(5,'Rohan','Chennai','2025-02-04'),
(6,'Kavya','Mumbai','2025-02-07'),
(7,'Arjun','Bangalore','2025-01-03'),
(8,'Neha','Mumbai','2025-01-06'),
(9,'Vikram','Delhi','2025-01-15'),
(10,'Anjali','Hyderabad','2025-02-08'),
(11,'Karan','Mumbai','2025-02-05'),
(12,'Divya','Delhi','2025-02-04'),
(13,'Suresh','Bangalore','2025-01-15'),
(14,'Pooja','Bangalore','2025-02-07'),
(15,'Manish','Pune','2025-01-01'),
(16,'Ritu','Delhi','2025-01-28'),
(17,'Sandeep','Pune','2025-01-18'),
(18,'Meera','Delhi','2025-01-14'),
(19,'Ajay','Pune','2025-01-07'),
(20,'Isha','Mumbai','2025-01-25'),
(21,'Deepak','Mumbai','2025-01-23'),
(22,'Swati','Pune','2025-02-08'),
(23,'Nikhil','Pune','2025-01-03'),
(24,'Preeti','Chennai','2025-01-30'),
(25,'Gaurav','Hyderabad','2025-01-08');

-- Restaurants
INSERT INTO restaurants (restaurant_id, restaurant_name, cuisine, city, rating) VALUES
(101,'Pizza Hub','Mexican','Mumbai',4.32),
(102,'Spice Villa','South Indian','Hyderabad',3.85),
(103,'Burger Point','Indian','Mumbai',4.46),
(104,'Sushi World','Chinese','Mumbai',4.71),
(105,'Dragon Wok','Indian','Bangalore',3.96),
(106,'Dosa Corner','South Indian','Delhi',4.08),
(107,'Taco Fiesta','Japanese','Chennai',3.95),
(108,'Sweet Treats','Indian','Hyderabad',4.43),
(109,'Curry Kingdom','Japanese','Delhi',4.2),
(110,'Noodle Bar','Chinese','Chennai',4.49),
(111,'Grill Master','Japanese','Chennai',4.02),
(112,'Roll Junction','Italian','Delhi',4.67);

-- Delivery Partners
INSERT INTO delivery_partners (partner_id, partner_name, vehicle_type) VALUES
(201,'Aman','Scooter'),
(202,'Rohit','Scooter'),
(203,'Vikas','Scooter'),
(204,'Ankit','Bike'),
(205,'Suraj','Bike'),
(206,'Farhan','Bicycle'),
(207,'Deepak','Bicycle'),
(208,'Rakesh','Scooter'),
(209,'Yusuf','Bike'),
(210,'Tanmay','Bicycle');

-- Orders
INSERT INTO orders (order_id, customer_id, restaurant_id, partner_id, order_date, delivery_time_minutes, order_amount, order_status) VALUES
(1001,13,111,208,'2025-02-01 12:08:00',35,864.5,'Delivered'),
(1002,24,110,207,'2025-02-01 22:25:00',25,1446.6,'Delivered'),
(1003,5,109,208,'2025-02-01 11:03:00',22,976.86,'Delivered'),
(1004,22,107,210,'2025-02-01 11:24:00',32,851.98,'Delivered'),
(1005,18,101,202,'2025-02-01 20:34:00',0,1156.12,'Cancelled'),
(1006,11,102,205,'2025-02-01 15:29:00',26,1414.3,'Delivered'),
(1007,6,109,202,'2025-02-02 21:19:00',34,953.39,'Delivered'),
(1008,5,106,203,'2025-02-02 16:49:00',18,940.66,'Delivered'),
(1009,16,101,202,'2025-02-02 22:56:00',25,253.56,'Delivered'),
(1010,19,102,202,'2025-02-02 20:52:00',35,1152.61,'Delivered'),
(1011,5,111,208,'2025-02-02 22:10:00',34,1287.99,'Delivered'),
(1012,14,104,209,'2025-02-02 21:44:00',27,686.72,'Delivered'),
(1013,22,111,206,'2025-02-02 15:33:00',21,494.84,'Delivered'),
(1014,3,106,201,'2025-02-02 18:14:00',25,189.13,'Delivered'),
(1015,23,111,201,'2025-02-02 13:57:00',28,269.99,'Delivered'),
(1016,9,111,208,'2025-02-03 13:08:00',60,1176.47,'Delayed'),
(1017,14,104,202,'2025-02-03 11:27:00',31,702.1,'Delivered'),
(1018,24,101,202,'2025-02-03 11:46:00',21,495.79,'Delivered'),
(1019,7,109,208,'2025-02-03 12:11:00',32,497.25,'Delivered'),
(1020,15,109,202,'2025-02-04 10:34:00',20,1356.49,'Delivered'),
(1021,8,103,207,'2025-02-04 15:13:00',19,389.09,'Delivered'),
(1022,1,107,205,'2025-02-04 22:50:00',27,717.22,'Delivered'),
(1023,18,111,208,'2025-02-05 12:18:00',19,915.56,'Delivered'),
(1024,18,101,206,'2025-02-05 11:37:00',34,1347.62,'Delivered'),
(1025,17,103,201,'2025-02-05 23:05:00',20,935.69,'Delivered'),
(1026,22,104,207,'2025-02-05 12:56:00',25,915.23,'Delivered'),
(1027,2,110,202,'2025-02-05 15:37:00',34,581.79,'Delivered'),
(1028,9,104,206,'2025-02-05 13:25:00',27,760.68,'Delivered'),
(1029,25,102,201,'2025-02-05 15:36:00',20,862.8,'Delivered'),
(1030,17,105,203,'2025-02-05 22:56:00',25,649.3,'Delivered'),
(1031,15,109,205,'2025-02-06 19:51:00',54,1028.19,'Delayed'),
(1032,18,105,202,'2025-02-06 22:08:00',21,1309.94,'Delivered'),
(1033,24,109,203,'2025-02-06 13:38:00',28,438.57,'Delivered'),
(1034,21,105,209,'2025-02-06 15:57:00',20,985.54,'Delivered'),
(1035,9,101,201,'2025-02-07 14:08:00',26,385.21,'Delivered'),
(1036,15,109,207,'2025-02-07 17:07:00',22,872.9,'Delivered'),
(1037,12,110,209,'2025-02-07 12:08:00',27,643.11,'Delivered'),
(1038,2,106,204,'2025-02-07 20:42:00',29,1170.75,'Delivered'),
(1039,14,110,203,'2025-02-07 22:15:00',23,1299.4,'Delivered'),
(1040,1,103,206,'2025-02-07 21:26:00',53,382.18,'Delayed'),
(1041,23,102,207,'2025-02-07 21:54:00',25,433.46,'Delivered'),
(1042,15,106,205,'2025-02-07 21:55:00',25,210.05,'Delivered'),
(1043,7,107,206,'2025-02-07 14:04:00',0,625.96,'Cancelled'),
(1044,13,111,209,'2025-02-08 14:01:00',26,406.78,'Delivered'),
(1045,9,101,202,'2025-02-08 18:22:00',61,949.89,'Delayed'),
(1046,17,102,207,'2025-02-08 22:12:00',19,1080.16,'Delivered'),
(1047,1,109,209,'2025-02-08 20:47:00',0,642.56,'Cancelled'),
(1048,3,111,206,'2025-02-08 19:42:00',27,824.05,'Delivered'),
(1049,22,107,206,'2025-02-08 14:18:00',22,423.64,'Delivered'),
(1050,22,107,203,'2025-02-08 19:19:00',35,1238.83,'Delivered'),
(1051,10,104,207,'2025-02-09 21:38:00',62,741.07,'Delayed'),
(1052,22,104,209,'2025-02-09 15:57:00',0,1016.74,'Cancelled'),
(1053,10,109,210,'2025-02-09 14:52:00',0,1034.45,'Cancelled'),
(1054,8,104,203,'2025-02-09 09:15:00',20,758.38,'Delivered'),
(1055,21,110,204,'2025-02-09 20:24:00',30,489.86,'Delivered'),
(1056,23,101,202,'2025-02-10 21:14:00',34,769.98,'Delivered'),
(1057,18,104,202,'2025-02-10 15:51:00',34,1434.62,'Delivered'),
(1058,20,106,208,'2025-02-10 19:46:00',31,1234.82,'Delivered'),
(1059,18,108,203,'2025-02-10 20:30:00',26,1134.76,'Delivered'),
(1060,21,105,209,'2025-02-10 15:15:00',32,278.4,'Delivered'),
(1061,10,104,205,'2025-02-10 14:57:00',20,355.74,'Delivered'),
(1062,8,107,203,'2025-02-10 20:04:00',31,600.22,'Delivered'),
(1063,15,107,201,'2025-02-10 13:26:00',18,1268.05,'Delivered'),
(1064,19,107,208,'2025-02-11 08:22:00',30,1263.88,'Delivered'),
(1065,14,109,209,'2025-02-11 21:57:00',33,458.67,'Delivered'),
(1066,14,108,201,'2025-02-11 14:42:00',55,1247.44,'Delayed'),
(1067,5,110,209,'2025-02-11 09:25:00',18,286.61,'Delivered'),
(1068,14,103,208,'2025-02-11 13:16:00',28,448.81,'Delivered'),
(1069,11,106,207,'2025-02-11 14:53:00',26,1240.34,'Delivered'),
(1070,16,101,209,'2025-02-11 10:22:00',20,1172.17,'Delivered'),
(1071,21,101,201,'2025-02-11 22:12:00',22,482.95,'Delivered'),
(1072,16,111,202,'2025-02-11 17:13:00',26,1153.96,'Delivered'),
(1073,20,110,202,'2025-02-12 21:10:00',21,914.93,'Delivered'),
(1074,10,110,207,'2025-02-12 14:45:00',20,931.96,'Delivered'),
(1075,21,104,202,'2025-02-12 20:19:00',59,1173.95,'Delayed'),
(1076,12,109,207,'2025-02-12 20:04:00',28,196.07,'Delivered'),
(1077,16,102,207,'2025-02-13 23:40:00',22,733.07,'Delivered'),
(1078,24,109,205,'2025-02-13 19:58:00',33,770.39,'Delivered'),
(1079,24,110,205,'2025-02-13 14:15:00',26,1299.67,'Delivered'),
(1080,8,108,210,'2025-02-13 19:24:00',18,807.77,'Delivered'),
(1081,11,103,208,'2025-02-13 13:51:00',28,535.17,'Delivered'),
(1082,20,112,205,'2025-02-13 17:33:00',20,486.52,'Delivered'),
(1083,16,109,204,'2025-02-14 20:41:00',67,1187.02,'Delayed'),
(1084,3,105,204,'2025-02-14 14:15:00',29,781.04,'Delivered'),
(1085,17,106,207,'2025-02-14 23:35:00',29,1072.63,'Delivered'),
(1086,9,105,205,'2025-02-14 13:46:00',28,331.83,'Delivered'),
(1087,18,112,203,'2025-02-14 13:47:00',26,1100.22,'Delivered'),
(1088,25,109,210,'2025-02-14 14:06:00',27,468.9,'Delivered'),
(1089,10,101,209,'2025-02-15 12:02:00',35,551.01,'Delivered'),
(1090,5,111,208,'2025-02-15 12:00:00',27,776.13,'Delivered'),
(1091,15,106,203,'2025-02-15 23:16:00',21,1224.09,'Delivered'),
(1092,13,108,202,'2025-02-15 18:43:00',22,369.48,'Delivered'),
(1093,10,102,204,'2025-02-16 12:48:00',25,1165.13,'Delivered'),
(1094,13,108,208,'2025-02-16 14:37:00',27,902.16,'Delivered'),
(1095,2,110,202,'2025-02-16 22:13:00',24,516.1,'Delivered'),
(1096,3,103,204,'2025-02-16 13:04:00',18,698.82,'Delivered'),
(1097,23,110,208,'2025-02-16 14:14:00',27,1072.79,'Delivered'),
(1098,15,102,204,'2025-02-16 22:50:00',24,719.93,'Delivered'),
(1099,18,104,203,'2025-02-16 22:52:00',20,255.74,'Delivered'),
(1100,10,110,210,'2025-02-17 22:28:00',32,1054.62,'Delivered'),
(1101,23,107,205,'2025-02-17 16:31:00',20,939.51,'Delivered'),
(1102,14,112,206,'2025-02-17 19:01:00',25,1401.63,'Delivered'),
(1103,19,110,201,'2025-02-17 23:43:00',19,1149.15,'Delivered'),
(1104,6,108,209,'2025-02-17 19:58:00',23,1446.12,'Delivered'),
(1105,14,111,208,'2025-02-17 23:30:00',31,603.3,'Delivered'),
(1106,22,102,203,'2025-02-17 14:44:00',27,1021.48,'Delivered'),
(1107,13,109,201,'2025-02-17 15:20:00',28,327.22,'Delivered'),
(1108,25,107,209,'2025-02-17 21:00:00',69,704.82,'Delayed'),
(1109,17,106,210,'2025-02-18 21:40:00',19,438.52,'Delivered'),
(1110,18,103,205,'2025-02-18 15:44:00',21,216.66,'Delivered'),
(1111,21,110,204,'2025-02-18 20:19:00',18,881.36,'Delivered'),
(1112,3,104,202,'2025-02-18 15:07:00',57,1364.47,'Delayed'),
(1113,17,112,205,'2025-02-19 14:30:00',25,760.12,'Delivered'),
(1114,5,107,204,'2025-02-19 22:32:00',0,1277.31,'Cancelled'),
(1115,9,107,206,'2025-02-19 22:32:00',18,539.21,'Delivered'),
(1116,10,110,210,'2025-02-19 23:31:00',32,864.0,'Delivered'),
(1117,12,106,209,'2025-02-19 21:24:00',28,1284.39,'Delivered'),
(1118,8,110,207,'2025-02-20 13:49:00',19,584.08,'Delivered'),
(1119,16,112,207,'2025-02-20 14:42:00',57,1405.33,'Delayed'),
(1120,5,109,210,'2025-02-20 14:06:00',21,847.96,'Delivered'),
(1121,15,101,203,'2025-02-20 14:41:00',20,776.25,'Delivered'),
(1122,9,106,210,'2025-02-20 20:41:00',28,1262.47,'Delivered'),
(1123,18,107,206,'2025-02-20 19:56:00',0,1287.93,'Cancelled'),
(1124,2,110,202,'2025-02-20 13:43:00',25,1128.39,'Delivered'),
(1125,14,102,202,'2025-02-20 15:44:00',18,238.41,'Delivered'),
(1126,2,105,206,'2025-02-21 14:09:00',34,703.31,'Delivered'),
(1127,22,103,203,'2025-02-21 13:39:00',25,812.04,'Delivered'),
(1128,19,103,204,'2025-02-21 15:16:00',26,1026.89,'Delivered'),
(1129,15,105,209,'2025-02-21 12:28:00',27,991.45,'Delivered'),
(1130,14,112,205,'2025-02-21 15:19:00',30,1263.74,'Delivered'),
(1131,4,104,207,'2025-02-21 18:36:00',27,207.86,'Delivered'),
(1132,22,107,205,'2025-02-21 08:55:00',58,1126.37,'Delayed'),
(1133,10,104,210,'2025-02-21 21:14:00',24,968.53,'Delivered'),
(1134,22,112,203,'2025-02-21 19:57:00',19,572.34,'Delivered'),
(1135,2,110,206,'2025-02-22 20:05:00',28,1129.3,'Delivered'),
(1136,6,104,203,'2025-02-22 21:56:00',34,817.28,'Delivered'),
(1137,9,103,205,'2025-02-22 22:30:00',28,1201.38,'Delivered'),
(1138,15,102,203,'2025-02-22 21:14:00',67,644.53,'Delayed'),
(1139,13,101,205,'2025-02-22 16:29:00',26,922.39,'Delivered'),
(1140,21,106,202,'2025-02-22 20:30:00',35,596.57,'Delivered'),
(1141,8,111,202,'2025-02-23 19:29:00',67,698.54,'Delayed'),
(1142,5,101,201,'2025-02-23 14:31:00',21,478.2,'Delivered'),
(1143,18,103,207,'2025-02-23 15:42:00',0,712.29,'Cancelled'),
(1144,24,112,203,'2025-02-23 22:41:00',33,961.88,'Delivered'),
(1145,9,101,206,'2025-02-23 13:28:00',29,306.18,'Delivered'),
(1146,22,106,209,'2025-02-23 22:41:00',19,685.64,'Delivered'),
(1147,7,102,208,'2025-02-23 11:13:00',39,1179.23,'Delayed'),
(1148,5,110,204,'2025-02-24 11:48:00',24,924.71,'Delivered'),
(1149,8,106,203,'2025-02-24 21:38:00',26,1270.18,'Delivered'),
(1150,5,103,209,'2025-02-24 13:11:00',18,347.39,'Delivered'),
(1151,12,104,210,'2025-02-24 14:11:00',19,340.98,'Delivered'),
(1152,17,102,202,'2025-02-25 15:49:00',34,933.96,'Delivered'),
(1153,15,109,204,'2025-02-25 22:02:00',63,761.71,'Delayed'),
(1154,1,101,208,'2025-02-25 21:27:00',56,1084.75,'Delayed'),
(1155,15,102,202,'2025-02-25 14:09:00',22,529.27,'Delivered'),
(1156,21,110,209,'2025-02-25 20:24:00',34,554.52,'Delivered'),
(1157,17,110,207,'2025-02-25 12:44:00',35,1095.47,'Delivered'),
(1158,14,108,204,'2025-02-26 14:52:00',30,708.31,'Delivered'),
(1159,4,106,207,'2025-02-26 14:16:00',22,1052.26,'Delivered'),
(1160,16,102,202,'2025-02-26 21:05:00',21,1125.63,'Delivered'),
(1161,12,103,209,'2025-02-26 11:35:00',28,1030.92,'Delivered'),
(1162,12,111,207,'2025-02-27 21:46:00',27,942.52,'Delivered'),
(1163,12,102,210,'2025-02-27 16:09:00',60,1256.04,'Delayed'),
(1164,12,109,206,'2025-02-27 12:17:00',25,1205.17,'Delivered'),
(1165,18,110,210,'2025-02-27 20:35:00',26,216.77,'Delivered'),
(1166,9,112,205,'2025-02-27 22:22:00',23,1284.73,'Delivered'),
(1167,19,111,207,'2025-02-27 11:47:00',18,296.53,'Delivered'),
(1168,7,107,207,'2025-02-28 15:10:00',27,1096.43,'Delivered'),
(1169,25,110,210,'2025-02-28 11:03:00',23,1138.13,'Delivered'),
(1170,2,111,202,'2025-02-28 13:42:00',33,950.99,'Delivered'),
(1171,14,105,204,'2025-02-28 21:07:00',31,320.83,'Delivered'),
(1172,22,111,210,'2025-02-28 15:42:00',19,460.06,'Delivered'),
(1173,20,101,201,'2025-02-28 13:13:00',0,1150.48,'Cancelled'),
(1174,10,106,202,'2025-02-28 08:47:00',23,344.07,'Delivered'),
(1175,23,104,209,'2025-03-01 17:42:00',20,684.28,'Delivered'),
(1176,24,101,207,'2025-03-01 09:58:00',28,911.21,'Delivered'),
(1177,19,107,207,'2025-03-01 14:25:00',28,398.28,'Delivered'),
(1178,20,108,206,'2025-03-01 11:54:00',25,733.31,'Delivered'),
(1179,13,109,202,'2025-03-01 14:19:00',0,461.4,'Cancelled'),
(1180,25,103,202,'2025-03-01 16:07:00',34,426.26,'Delivered'),
(1181,25,106,206,'2025-03-01 20:52:00',49,310.56,'Delayed'),
(1182,7,103,210,'2025-03-02 12:48:00',45,1388.14,'Delayed'),
(1183,21,108,208,'2025-03-02 21:48:00',32,1045.04,'Delivered'),
(1184,19,111,210,'2025-03-02 14:40:00',22,738.5,'Delivered'),
(1185,16,108,205,'2025-03-02 21:37:00',29,824.32,'Delivered'),
(1186,10,108,208,'2025-03-02 10:23:00',20,998.73,'Delivered'),
(1187,3,110,210,'2025-03-03 16:29:00',35,1391.87,'Delivered'),
(1188,24,101,208,'2025-03-03 22:36:00',54,948.36,'Delayed'),
(1189,17,103,201,'2025-03-03 15:51:00',20,820.78,'Delivered'),
(1190,6,101,204,'2025-03-03 20:28:00',34,954.45,'Delivered'),
(1191,12,106,205,'2025-03-03 14:49:00',19,1182.32,'Delivered'),
(1192,21,106,202,'2025-03-03 14:35:00',59,500.03,'Delayed'),
(1193,22,110,203,'2025-03-03 14:37:00',53,573.99,'Delayed'),
(1194,21,112,207,'2025-03-03 12:45:00',27,889.83,'Delivered'),
(1195,21,106,203,'2025-03-03 20:53:00',0,298.69,'Cancelled'),
(1196,14,109,206,'2025-03-04 09:19:00',24,614.0,'Delivered'),
(1197,25,108,204,'2025-03-04 13:08:00',20,555.66,'Delivered'),
(1198,4,109,209,'2025-03-04 21:56:00',19,1020.65,'Delivered'),
(1199,25,110,203,'2025-03-04 19:09:00',23,1235.81,'Delivered'),
(1200,25,110,203,'2025-03-04 20:02:00',29,1038.98,'Delivered'),
(1201,8,108,210,'2025-03-04 14:47:00',25,858.19,'Delivered'),
(1202,10,108,204,'2025-03-04 14:36:00',32,1157.19,'Delivered'),
(1203,25,107,209,'2025-03-04 16:10:00',22,1288.71,'Delivered'),
(1204,21,108,206,'2025-03-05 17:06:00',57,542.03,'Delayed'),
(1205,25,103,205,'2025-03-05 15:32:00',31,296.48,'Delivered'),
(1206,8,108,206,'2025-03-05 22:26:00',30,817.55,'Delivered'),
(1207,13,102,206,'2025-03-06 13:20:00',28,1185.05,'Delivered'),
(1208,5,101,205,'2025-03-06 22:30:00',57,749.72,'Delayed'),
(1209,1,102,201,'2025-03-06 13:53:00',35,1374.09,'Delivered'),
(1210,20,109,207,'2025-03-06 12:18:00',27,334.75,'Delivered'),
(1211,14,111,210,'2025-03-07 15:07:00',35,200.87,'Delivered'),
(1212,17,110,204,'2025-03-07 20:18:00',18,960.81,'Delivered'),
(1213,8,110,207,'2025-03-07 13:42:00',34,1417.81,'Delivered'),
(1214,3,109,209,'2025-03-07 16:32:00',18,675.88,'Delivered'),
(1215,2,111,207,'2025-03-08 23:16:00',0,633.51,'Cancelled'),
(1216,3,106,204,'2025-03-08 20:40:00',28,349.43,'Delivered'),
(1217,12,109,206,'2025-03-08 21:11:00',0,1425.64,'Cancelled'),
(1218,16,111,203,'2025-03-08 21:04:00',53,552.67,'Delayed'),
(1219,2,104,201,'2025-03-08 14:19:00',30,1436.19,'Delivered'),
(1220,18,108,205,'2025-03-08 10:41:00',27,633.36,'Delivered'),
(1221,2,111,206,'2025-03-09 13:51:00',31,1309.65,'Delivered'),
(1222,24,108,207,'2025-03-09 14:11:00',33,646.53,'Delivered'),
(1223,17,105,202,'2025-03-09 20:05:00',23,872.75,'Delivered'),
(1224,11,102,202,'2025-03-09 14:18:00',32,945.33,'Delivered'),
(1225,14,103,208,'2025-03-09 14:02:00',68,1447.65,'Delayed'),
(1226,9,111,201,'2025-03-09 11:40:00',29,831.62,'Delivered'),
(1227,24,111,203,'2025-03-09 22:09:00',32,224.19,'Delivered'),
(1228,3,104,206,'2025-03-09 14:36:00',22,1042.41,'Delivered'),
(1229,12,106,208,'2025-03-09 21:36:00',34,646.03,'Delivered'),
(1230,21,105,204,'2025-03-10 23:01:00',0,813.79,'Cancelled'),
(1231,13,109,202,'2025-03-10 13:16:00',58,1445.38,'Delayed'),
(1232,10,112,208,'2025-03-10 13:08:00',32,399.27,'Delivered'),
(1233,23,108,202,'2025-03-10 21:54:00',29,1081.12,'Delivered'),
(1234,18,109,205,'2025-03-10 22:54:00',23,1187.99,'Delivered'),
(1235,8,102,204,'2025-03-11 21:15:00',18,638.34,'Delivered'),
(1236,19,106,208,'2025-03-11 21:35:00',20,263.5,'Delivered'),
(1237,13,112,208,'2025-03-11 16:49:00',20,339.17,'Delivered'),
(1238,11,111,202,'2025-03-11 15:43:00',29,342.98,'Delivered'),
(1239,25,109,210,'2025-03-11 13:08:00',34,1336.6,'Delivered'),
(1240,2,102,209,'2025-03-11 12:10:00',28,1367.12,'Delivered'),
(1241,8,106,209,'2025-03-11 22:54:00',26,429.3,'Delivered'),
(1242,9,103,205,'2025-03-12 19:05:00',23,931.6,'Delivered'),
(1243,19,103,203,'2025-03-12 20:46:00',28,1250.01,'Delivered'),
(1244,19,101,201,'2025-03-12 11:41:00',0,1006.94,'Cancelled'),
(1245,25,110,207,'2025-03-12 19:01:00',35,547.88,'Delivered'),
(1246,10,108,204,'2025-03-12 21:43:00',27,756.0,'Delivered'),
(1247,23,101,203,'2025-03-12 15:30:00',24,612.04,'Delivered'),
(1248,5,106,206,'2025-03-12 20:55:00',30,346.07,'Delivered'),
(1249,17,109,202,'2025-03-13 14:29:00',26,750.99,'Delivered'),
(1250,5,102,201,'2025-03-13 14:24:00',31,495.3,'Delivered'),
(1251,6,106,210,'2025-03-13 20:12:00',0,812.8,'Cancelled'),
(1252,17,108,208,'2025-03-13 22:31:00',20,1380.45,'Delivered'),
(1253,17,108,204,'2025-03-13 13:22:00',19,537.32,'Delivered'),
(1254,21,111,208,'2025-03-14 14:00:00',31,350.1,'Delivered'),
(1255,9,112,206,'2025-03-14 21:23:00',30,244.97,'Delivered'),
(1256,18,104,206,'2025-03-14 17:04:00',34,751.95,'Delivered'),
(1257,18,105,210,'2025-03-14 20:07:00',21,680.26,'Delivered'),
(1258,11,109,206,'2025-03-14 21:12:00',34,689.76,'Delivered'),
(1259,2,101,201,'2025-03-14 12:21:00',34,760.38,'Delivered'),
(1260,20,109,203,'2025-03-14 14:39:00',23,679.05,'Delivered'),
(1261,24,105,210,'2025-03-15 14:53:00',35,802.11,'Delivered'),
(1262,19,105,208,'2025-03-15 21:23:00',21,1424.47,'Delivered'),
(1263,19,105,201,'2025-03-15 18:16:00',46,921.07,'Delayed'),
(1264,6,109,210,'2025-03-15 21:24:00',25,220.09,'Delivered'),
(1265,23,102,204,'2025-03-15 09:20:00',22,704.46,'Delivered'),
(1266,7,107,209,'2025-03-15 21:58:00',19,1076.33,'Delivered'),
(1267,17,104,209,'2025-03-15 14:42:00',34,658.57,'Delivered'),
(1268,15,109,206,'2025-03-16 17:43:00',0,954.8,'Cancelled'),
(1269,7,104,205,'2025-03-16 17:14:00',27,1075.22,'Delivered'),
(1270,23,112,208,'2025-03-16 14:22:00',26,545.49,'Delivered'),
(1271,19,111,209,'2025-03-16 14:25:00',22,548.87,'Delivered'),
(1272,23,102,206,'2025-03-17 22:41:00',33,451.76,'Delivered'),
(1273,18,105,209,'2025-03-17 20:08:00',25,487.92,'Delivered'),
(1274,22,109,204,'2025-03-17 19:03:00',31,599.47,'Delivered'),
(1275,16,102,203,'2025-03-17 08:35:00',31,1009.17,'Delivered'),
(1276,16,108,204,'2025-03-17 21:18:00',27,1000.29,'Delivered'),
(1277,3,111,210,'2025-03-18 13:47:00',44,710.71,'Delayed'),
(1278,6,101,207,'2025-03-18 21:11:00',0,1293.46,'Cancelled'),
(1279,1,105,210,'2025-03-18 19:59:00',27,757.02,'Delivered'),
(1280,21,109,209,'2025-03-18 15:08:00',32,526.5,'Delivered'),
(1281,4,106,203,'2025-03-18 20:41:00',23,197.89,'Delivered'),
(1282,11,105,210,'2025-03-18 20:12:00',30,1230.28,'Delivered'),
(1283,17,106,202,'2025-03-18 14:06:00',22,786.37,'Delivered'),
(1284,8,101,205,'2025-03-18 14:28:00',0,1391.62,'Cancelled'),
(1285,10,110,210,'2025-03-18 08:41:00',25,258.9,'Delivered'),
(1286,15,105,203,'2025-03-19 14:32:00',50,991.16,'Delayed'),
(1287,10,106,210,'2025-03-19 13:08:00',22,757.82,'Delivered'),
(1288,20,106,207,'2025-03-19 20:58:00',35,1198.53,'Delivered'),
(1289,7,104,210,'2025-03-20 21:05:00',32,850.78,'Delivered'),
(1290,12,102,210,'2025-03-20 12:53:00',34,436.74,'Delivered'),
(1291,18,103,203,'2025-03-20 14:33:00',21,1043.97,'Delivered'),
(1292,23,110,208,'2025-03-20 11:32:00',19,755.86,'Delivered'),
(1293,17,107,208,'2025-03-20 17:35:00',27,1098.57,'Delivered'),
(1294,13,105,201,'2025-03-20 20:37:00',19,718.1,'Delivered'),
(1295,23,102,209,'2025-03-20 23:59:00',33,220.3,'Delivered'),
(1296,14,103,203,'2025-03-20 21:46:00',62,1440.93,'Delayed'),
(1297,13,108,207,'2025-03-20 14:43:00',59,1009.99,'Delayed'),
(1298,4,103,209,'2025-03-21 14:08:00',45,1140.35,'Delayed'),
(1299,10,108,209,'2025-03-21 15:24:00',25,764.99,'Delivered'),
(1300,5,105,204,'2025-03-21 22:46:00',0,220.92,'Cancelled'),
(1301,22,107,210,'2025-03-21 21:56:00',25,441.72,'Delivered'),
(1302,4,110,201,'2025-03-21 15:43:00',46,1120.49,'Delayed'),
(1303,15,104,209,'2025-03-22 13:55:00',0,357.97,'Cancelled'),
(1304,10,104,210,'2025-03-22 14:38:00',0,480.87,'Cancelled'),
(1305,5,111,209,'2025-03-22 13:19:00',19,887.03,'Delivered'),
(1306,19,112,203,'2025-03-22 19:27:00',33,239.54,'Delivered'),
(1307,12,111,207,'2025-03-22 21:20:00',64,369.51,'Delayed'),
(1308,13,103,209,'2025-03-22 15:54:00',27,1269.08,'Delivered'),
(1309,15,101,209,'2025-03-23 14:26:00',34,350.3,'Delivered'),
(1310,8,105,204,'2025-03-23 14:05:00',29,297.43,'Delivered'),
(1311,24,104,201,'2025-03-23 13:43:00',19,1289.5,'Delivered'),
(1312,7,110,209,'2025-03-23 13:13:00',27,1395.42,'Delivered'),
(1313,7,104,202,'2025-03-24 20:48:00',25,1063.45,'Delivered'),
(1314,23,104,207,'2025-03-24 22:35:00',27,663.44,'Delivered'),
(1315,18,111,206,'2025-03-24 14:23:00',33,771.83,'Delivered'),
(1316,24,108,206,'2025-03-25 22:23:00',31,238.06,'Delivered'),
(1317,8,112,203,'2025-03-25 09:35:00',31,554.89,'Delivered'),
(1318,7,106,204,'2025-03-25 14:53:00',33,879.32,'Delivered'),
(1319,22,106,205,'2025-03-25 21:31:00',67,393.66,'Delayed'),
(1320,12,103,203,'2025-03-25 20:31:00',35,1437.71,'Delivered'),
(1321,2,109,201,'2025-03-25 21:04:00',39,703.74,'Delayed'),
(1322,21,104,202,'2025-03-25 20:00:00',34,759.13,'Delivered'),
(1323,2,110,210,'2025-03-25 22:42:00',18,188.4,'Delivered'),
(1324,18,107,201,'2025-03-25 09:46:00',35,1421.4,'Delivered'),
(1325,17,112,207,'2025-03-26 21:58:00',21,1345.92,'Delivered'),
(1326,17,103,204,'2025-03-26 13:33:00',29,519.5,'Delivered'),
(1327,13,102,206,'2025-03-26 23:29:00',25,1437.6,'Delivered'),
(1328,10,111,202,'2025-03-27 20:54:00',41,694.7,'Delayed'),
(1329,13,109,208,'2025-03-27 11:00:00',45,814.82,'Delayed'),
(1330,14,111,206,'2025-03-27 17:54:00',34,1347.32,'Delivered'),
(1331,8,104,210,'2025-03-27 15:02:00',26,1322.13,'Delivered'),
(1332,22,101,203,'2025-03-28 22:20:00',24,925.54,'Delivered'),
(1333,25,112,207,'2025-03-28 22:19:00',25,899.7,'Delivered'),
(1334,13,111,209,'2025-03-28 14:48:00',0,1183.93,'Cancelled'),
(1335,23,112,202,'2025-03-28 16:22:00',21,735.1,'Delivered'),
(1336,3,106,210,'2025-03-28 21:38:00',28,217.62,'Delivered'),
(1337,9,108,208,'2025-03-28 13:35:00',31,415.89,'Delivered'),
(1338,19,111,207,'2025-03-28 11:39:00',25,1085.65,'Delivered'),
(1339,9,103,207,'2025-03-29 20:40:00',30,582.18,'Delivered'),
(1340,4,102,201,'2025-03-29 22:28:00',26,309.83,'Delivered'),
(1341,3,103,207,'2025-03-29 15:35:00',31,311.18,'Delivered'),
(1342,12,109,202,'2025-03-30 18:50:00',30,195.67,'Delivered'),
(1343,14,107,202,'2025-03-30 20:35:00',34,395.37,'Delivered'),
(1344,13,103,203,'2025-03-30 13:17:00',22,260.35,'Delivered'),
(1345,9,107,205,'2025-03-31 15:04:00',26,1379.16,'Delivered'),
(1346,24,111,208,'2025-03-31 18:12:00',21,352.07,'Delivered'),
(1347,1,107,206,'2025-03-31 21:24:00',32,605.12,'Delivered'),
(1348,21,110,203,'2025-03-31 14:38:00',59,579.01,'Delayed'),
(1349,13,106,205,'2025-03-31 20:40:00',25,593.88,'Delivered'),
(1350,9,107,206,'2025-03-31 12:36:00',35,408.51,'Delivered'),
(1351,18,101,208,'2025-04-01 22:13:00',27,1235.73,'Delivered'),
(1352,3,107,208,'2025-04-01 12:19:00',26,1016.5,'Delivered'),
(1353,23,107,207,'2025-04-01 11:38:00',30,858.65,'Delivered'),
(1354,23,107,209,'2025-04-01 10:23:00',74,990.49,'Delayed'),
(1355,3,102,204,'2025-04-01 20:22:00',19,895.29,'Delivered'),
(1356,21,111,207,'2025-04-01 23:21:00',21,193.4,'Delivered'),
(1357,9,104,209,'2025-04-01 20:35:00',25,746.14,'Delivered'),
(1358,13,108,210,'2025-04-01 20:09:00',18,793.12,'Delivered'),
(1359,10,107,202,'2025-04-01 12:46:00',29,576.1,'Delivered');
